imap_uid,mid,header_flag,header_score,header_level,header_status,SA_flag,SA_score,AS_flag,AS_score
1,<158405992187.18039.8541439014910452259@ietfa.amsl.com>,,,,,False,-2.0,False,0.03481168340193519
2,<159347909068.14084.2695224171957226181@ietfa.amsl.com>,,,,,False,-2.0,False,0.49999999999999784
3,<159493910555.9450.9490474579119475553@ietfa.amsl.com>,,,,,False,-2.0,False,0.49999999999999784
4,<159494660467.10681.3643181543856920404@ietfa.amsl.com>,,,,,False,-2.0,False,0.03481168340193519
5,<159735157351.20422.8993420200754905406@ietfa.amsl.com>,,,,,False,-2.0,False,0.03481168340193519
6,<161369490101.23735.4123728525471260650@ietfa.amsl.com>,,,,,False,-2.0,False,0.15960297761042466
